resource_id,title
017e350f-c007-4d6f-8700-d8063e87a931,English Prescribing Dataset (EPD) with SNOMED code - Sep 2025
1200d488-d175-4fbd-827d-149ba65ea104,English Prescribing Dataset (EPD) with SNOMED code - Aug 2025
a63c5618-2af4-479c-9ae1-a3227d620ceb,English Prescribing Dataset (EPD) with SNOMED code - Jul 2025
943c3b10-3999-475a-b6b7-d77e1fcf8e8a,English Prescribing Dataset (EPD) with SNOMED code - Jun 2025
ede6bcf2-5d71-437f-a3fb-fc9817d7455c,English Prescribing Dataset (EPD) with SNOMED code - May 2025
a39bb2a2-189c-43ef-8783-2e77ccd794a0,English Prescribing Dataset (EPD) with SNOMED code - Apr 2025
ea287041-1027-4062-9db9-040f48223b13,English Prescribing Dataset (EPD) with SNOMED code - Mar 2025
2ebdfb17-f6a4-4643-a94a-aa22a595309c,English Prescribing Dataset (EPD) with SNOMED code - Feb 2025
05c959b8-a427-448c-b5ae-92d369f75da3,English Prescribing Dataset (EPD) with SNOMED code - Jan 2025
ea96f43e-eccd-43ea-8455-c3d07519aa13,English Prescribing Dataset (EPD) with SNOMED code - Dec 2024
c3e59b61-7536-416e-8e0d-e98de219e551,English Prescribing Dataset (EPD) with SNOMED code - Nov 2024
b6ffd144-89fc-4441-8aea-a868075422d9,English Prescribing Dataset (EPD) with SNOMED code - Oct 2024
c6dddbdf-4c14-454a-813a-d7107ba19b5e,English Prescribing Dataset (EPD) with SNOMED code - Sep 2024
e454ae76-f59d-44a4-82a4-6c8d92893a38,English Prescribing Dataset (EPD) with SNOMED code - Aug 2024
ae863f15-66e2-4541-b6cb-c2cc3db932ea,English Prescribing Dataset (EPD) with SNOMED code - Jul 2024
de14669b-725b-46f1-a258-3ceefa8752a4,English Prescribing Dataset (EPD) with SNOMED code - Jun 2024
eec01ab6-329f-46ce-b942-f9c952bf91db,English Prescribing Dataset (EPD) with SNOMED code - May 2024
f73aaf36-4aad-4662-8d4e-3db1723b4c4c,English Prescribing Dataset (EPD) with SNOMED code - Apr 2024
2e950c3e-37a5-45bb-b81d-41ef9c0f2898,English Prescribing Dataset (EPD) with SNOMED code - Mar 2024
82c3c694-e129-4542-a464-93d7328976fa,English Prescribing Dataset (EPD) with SNOMED code - Feb 2024
e43050cd-815b-478e-916a-91952448d5bf,English Prescribing Dataset (EPD) with SNOMED code - Jan 2024
bb27b92e-f839-48f9-befc-5840964cc974,English Prescribing Dataset (EPD) with SNOMED code - Dec 2023
36c67aba-0ba4-402e-9182-f30a8cd9b138,English Prescribing Dataset (EPD) with SNOMED code - Nov 2023
f4cbbd4e-02c0-4f5e-83e7-407997877f37,English Prescribing Dataset (EPD) with SNOMED code - Oct 2023
7470b1e8-bf54-4cb2-a7bb-7b6133d45459,English Prescribing Dataset (EPD) with SNOMED code - Sep 2023
759994f4-cadd-4e9c-8b3c-73d31ffdfbdc,English Prescribing Dataset (EPD) with SNOMED code - Aug 2023
87fee4ef-8c70-4036-93fd-0cc64dfb98ef,English Prescribing Dataset (EPD) with SNOMED code - Jul 2023
2a83a077-2337-4111-9d24-a91b87aafa5f,English Prescribing Dataset (EPD) with SNOMED code - Jun 2023
300da531-b978-4bd7-9d6e-582b28385ff2,English Prescribing Dataset (EPD) with SNOMED code - May 2023
d621e74c-1118-4cde-a865-f07af62c9281,English Prescribing Dataset (EPD) with SNOMED code - Apr 2023
38fae90e-67b4-41f9-9d2e-714e040b699f,English Prescribing Dataset (EPD) with SNOMED code - Mar 2023
0c8a9186-d1e6-4c7a-9f20-80540cdcab2e,English Prescribing Dataset (EPD) with SNOMED code - Feb 2023
3c10b73c-a9ea-4896-b7d2-54ca1ca0690f,English Prescribing Dataset (EPD) with SNOMED code - Jan 2023
1bbb5c17-f4d8-420f-99e1-eee62f89d695,English Prescribing Dataset (EPD) with SNOMED code - Dec 2022
10dc3043-bec9-43b5-8e24-ee2735475125,English Prescribing Dataset (EPD) with SNOMED code - Nov 2022
301e57d8-0395-4cef-a4d8-dd18d58781ac,English Prescribing Dataset (EPD) with SNOMED code - Oct 2022
5f5bf059-4cee-4d02-b270-6b053226c817,English Prescribing Dataset (EPD) with SNOMED code - Sep 2022
f72f8288-8945-4e37-9ab4-9e6611f9849b,English Prescribing Dataset (EPD) with SNOMED code - Aug 2022
0f744cfe-c905-4a7f-834c-679bdc9c1021,English Prescribing Dataset (EPD) with SNOMED code - Jul 2022
6e204297-9558-4f29-a9b0-faf40cd2479b,English Prescribing Dataset (EPD) with SNOMED code - Jun 2022
1b500501-dd5b-42f7-906a-e37ffe3e2900,English Prescribing Dataset (EPD) with SNOMED code - May 2022
38f804d9-1953-40ec-b038-daf336666620,English Prescribing Dataset (EPD) with SNOMED code - Apr 2022
48477a05-3ddb-42bd-bce7-d27e003360dd,English Prescribing Dataset (EPD) with SNOMED code - Mar 2022
da65311d-06c0-4fac-af7b-43ee39ef2ba5,English Prescribing Dataset (EPD) with SNOMED code - Feb 2022
e9a43f6c-0688-4396-8bdf-674427ebab06,English Prescribing Dataset (EPD) with SNOMED code - Jan 2022
5660d2a6-d1a9-41f6-8a4b-045c90f418c5,English Prescribing Dataset (EPD) with SNOMED code - Dec 2021
464082e8-03f0-4b81-80bb-7784cb6de2af,English Prescribing Dataset (EPD) with SNOMED code - Nov 2021
f4e1021f-5f23-46b7-8730-8c0d599a92a7,English Prescribing Dataset (EPD) with SNOMED code - Oct 2021
374ee7ac-fd8e-4c3f-b7a9-6ea27cc16d63,English Prescribing Dataset (EPD) with SNOMED code - Sep 2021
7ad2a6ab-d84b-4e25-847b-3b3fc37babdc,English Prescribing Dataset (EPD) with SNOMED code - Aug 2021
bb386c01-2352-4351-9d00-fdc7a316c43f,English Prescribing Dataset (EPD) with SNOMED code - Jul 2021
9742823b-2d4e-4c71-bfae-3f686433ec80,English Prescribing Dataset (EPD) with SNOMED code - Jun 2021
33e0ea36-c33b-4797-86d4-efdb883eff8d,English Prescribing Dataset (EPD) with SNOMED code - May 2021
0e879024-1fef-4a85-8980-64537f8b6fcc,English Prescribing Dataset (EPD) with SNOMED code - Apr 2021
d9ac2bd2-aa6d-4f8d-a830-e34bd7c1eb4c,English Prescribing Dataset (EPD) with SNOMED code - Mar 2021
cbfbedb0-7001-4031-9d60-1ceca9e13779,English Prescribing Dataset (EPD) with SNOMED code - Feb 2021
5886c8f1-700b-4895-8eb9-d57ff440f094,English Prescribing Dataset (EPD) with SNOMED code - Jan 2021
d5c1c25a-d589-42d6-a97d-50a970ba757f,English Prescribing Dataset (EPD) with SNOMED code - Dec 2020
e4e5508c-3f9e-4676-b5bb-e126ef724060,English Prescribing Dataset (EPD) with SNOMED code - Nov 2020
